State_UT,year,Primary_Boys_Dropout,Primary_Girls_Dropout,Primary_Total_Dropout,Upper Primary_Boys,Upper Primary_Girls,Upper Primary_Total,Secondary _Boys,Secondary _Girls,Secondary _Total,HrSecondary_Boys,HrSecondary_Girls,HrSecondary_Total,Primary_Boys_GER,Primary_Girls_GER,Primary_Total_GER,Upper_Primary_Boys,Upper_Primary_Girls,Upper_Primary_Total,Secondary_Boys,Secondary_Girls,Secondary_Total,Higher_Secondary_Boys,Higher_Secondary_Girls,Higher_Secondary_Total,Computers_Primary_Only,Computers_U_Primary_only,Computers_All Schools,Computers_Sec_Only,Computers_HrSec_Only,Electricity_Primary_Only,Electricity_U_Primary_Only,Electricity_Sec_Only,Electricity_HrSec_Only,Electricity_All Schools,Water_Primary_Only,Water_U_Primary_Only,Water_Sec_Only,Water_HrSec_Only,Water_All Schools,Boys_toilet_Primary_Only,Boys_toilet_U_Primary_Only,Boys_toilet_Sec_Only,Boys_toilet_HrSec_Only,Boys_toilet_All Schools,Girls_Toilet_Primary_Only,Girls_Toilet_U_Primary_Only,Girls_Toilet_Sec_Only,Girls_Toilet_HrSec_Only,Girls_Toilet_All Schools,Overall_Dropout,Overall_GER,Infrastructure_Score
Andhra Pradesh,2013-14,4.31,4.39,4.35,3.46,4.12,3.78,11.95,13.37,12.65,12.65,10.85,11.79,96.62,96.87,96.74,82.81,84.38,83.57,73.76,76.77,75.2,59.83,60.83,60.3,12.73,45.45,60.0,19.32,29.57,87.66,100.0,97.5,91.27,90.34,86.89,90.91,97.5,97.52,90.35,53.03,45.45,59.26,73.44,56.88,76.16,81.82,85.19,75.47,81.31,8.1425,78.9525,75.776
Andhra Pradesh,2014-15,6.57,6.89,6.72,5.09,5.32,5.2,15.81,15.6,15.71,8.29,5.85,7.64,88.31,88.11,88.21,79.34,79.61,79.47,71.46,73.42,72.4,51.27,52.03,51.63,10.29,50.0,70.97,41.6,28.06,91.08,100.0,93.55,93.21,92.76,91.85,100.0,100.0,98.37,93.74,57.91,75.0,80.65,86.54,65.34,97.79,100.0,96.77,94.73,98.07,8.8175,72.92750000000001,84.17600000000002
Arunachal Pradesh,2014-15,11.51,10.09,10.82,5.31,8.08,6.71,18.33,15.81,17.11,19.37,17.44,18.42,128.78,127.45,128.13,120.11,125.01,122.53,93.11,90.1,91.62,68.0,69.44,68.71,4.06,48.78,0.0,0.0,24.68,21.53,82.93,0.0,0.0,38.6,73.34,97.56,0.0,0.0,80.64,94.13,100.0,0.0,0.0,95.97,94.92,100.0,0.0,0.0,96.89,13.265,102.74749999999999,62.42
Assam,2013-14,8.19,6.68,7.44,7.6,6.54,7.05,28.59,32.1,30.43,7.62,6.83,7.24,111.77,115.16,113.43,87.85,98.69,93.13,65.6,77.2,71.21,31.78,34.27,32.94,1.08,18.29,25.89,16.93,8.85,9.51,28.18,43.79,85.66,19.39,78.32,79.55,88.3,96.22,80.3,60.81,51.47,0.0,0.0,60.17,77.02,64.47,0.0,0.0,75.28,13.040000000000001,77.6775,52.205999999999996
Assam,2014-15,16.07,14.65,15.36,10.45,10.56,10.51,24.64,29.28,27.06,8.29,5.85,7.64,113.39,116.6,114.96,90.1,101.94,95.86,69.36,80.57,74.78,32.71,35.4,33.97,1.13,18.1,33.32,25.69,9.83,11.5,33.0,47.12,85.54,22.4,81.76,83.08,86.78,96.92,83.36,55.26,44.66,48.36,68.69,54.8,77.97,62.79,59.73,72.31,74.86,15.142499999999998,79.89250000000001,53.748000000000005
Bihar,2013-14,2.38,1.79,2.09,2.77,3.19,2.98,24.67,26.05,25.33,8.29,5.85,7.64,95.03,101.15,97.96,80.6,94.92,87.24,57.66,62.96,60.08,23.33,24.17,23.7,1.42,10.79,17.77,22.5,5.47,4.12,16.19,30.6,60.83,9.96,87.75,99.28,96.96,97.92,92.53,63.04,85.61,0.0,0.0,73.42,63.43,92.59,0.0,0.0,75.41,9.51,67.24499999999999,53.818000000000005
Bihar,2014-15,0.35,1.79,2.09,4.14,4.01,4.08,25.21,26.62,25.9,8.29,5.85,7.64,98.09,104.35,101.09,89.84,107.7,98.07,65.08,73.85,69.09,31.91,31.66,31.79,2.29,11.65,23.02,36.74,8.19,13.76,34.96,34.88,64.86,25.22,87.54,99.25,98.02,96.81,92.74,61.95,85.77,76.91,86.59,73.92,63.46,91.47,83.4,88.18,76.3,9.9275,75.01,58.239999999999995
Chandigarh,2013-14,3.4,2.83,3.05,0.72,1.55,1.08,16.34,15.29,15.445,13.24,8.49,11.28,88.42,96.09,91.85,99.93,103.02,101.27,92.08,92.16,92.11,90.5,92.88,91.49,54.55,0.0,0.0,0.0,95.83,100.0,0.0,0.0,0.0,100.0,100.0,0.0,0.0,0.0,100.0,100.0,0.0,0.0,0.0,100.0,100.0,0.0,0.0,0.0,100.0,7.713749999999999,94.18,80.0
Chandigarh,2014-15,3.4,2.83,3.05,0.01,0.96,0.44,16.34,15.29,15.445,12.1,8.41,10.55,83.62,91.49,87.11,94.68,103.15,98.33,89.05,90.53,89.69,90.05,91.3,90.57,45.45,0.0,0.0,0.0,95.43,100.0,0.0,0.0,0.0,100.0,100.0,0.0,0.0,0.0,100.0,100.0,0.0,0.0,0.0,100.0,100.0,0.0,0.0,0.0,100.0,7.37125,91.425,80.0
Chhattisgarh,2013-14,1.45,1.38,1.42,4.09,3.51,3.8,24.1,22.72,23.41,8.29,2.13,7.64,104.06,103.93,103.99,100.35,101.1,100.72,96.68,99.32,97.99,58.27,56.16,57.23,2.64,13.04,17.77,0.0,9.8,49.75,62.85,47.25,43.48,57.28,95.51,94.82,86.71,86.96,95.47,80.95,84.17,96.67,100.0,82.85,93.1,95.39,98.41,100.0,94.1,9.067499999999999,89.9825,69.494
Chhattisgarh,2014-15,3.08,2.74,2.91,6.47,5.22,5.85,22.62,19.92,21.26,1.37,4.14,2.76,103.3,102.85,103.08,100.87,101.59,101.23,100.3,103.38,101.82,64.1,62.57,63.34,3.3,14.7,25.11,14.29,11.88,60.51,72.18,55.21,47.62,66.88,96.95,96.95,89.87,100.0,97.03,72.4,77.3,63.14,52.63,76.06,91.02,94.08,68.09,52.38,92.0,8.195,92.3675,71.416
Dadra & Nagar Haveli,2013-14,1.05,2.17,1.57,3.31,5.09,4.13,30.02,26.83,28.59,7.07,5.33,6.24,89.5,81.89,85.78,100.76,91.43,96.22,87.79,79.08,83.66,37.77,41.99,39.64,8.84,100.0,54.55,0.0,38.19,93.92,100.0,100.0,100.0,96.79,100.0,100.0,100.0,100.0,100.0,79.56,0.0,0.0,0.0,85.53,91.71,100.0,0.0,0.0,94.36,10.1325,76.32499999999999,86.24600000000001
Dadra & Nagar Haveli,2014-15,1.6,1.31,1.47,3.7,4.4,4.02,18.19,15.08,16.77,13.45,4.77,9.47,85.41,78.78,82.18,97.19,88.36,92.91,91.14,84.65,88.07,35.57,40.39,37.7,7.39,100.0,72.73,0.0,40.12,97.16,100.0,100.0,100.0,98.55,100.0,100.0,100.0,100.0,100.0,92.05,0.0,100.0,100.0,95.34,98.3,100.0,100.0,100.0,99.13,7.932499999999999,75.21499999999999,93.15
Daman & Diu,2013-14,1.06,0.59,0.85,3.42,3.72,3.56,19.46,20.33,19.86,14.48,4.89,9.86,87.8,89.78,88.69,84.06,90.61,86.97,67.94,82.2,73.88,34.37,64.55,44.36,14.55,100.0,100.0,50.0,61.11,100.0,100.0,100.0,100.0,100.0,100.0,100.0,100.0,100.0,100.0,100.0,100.0,0.0,100.0,100.0,100.0,100.0,0.0,100.0,100.0,8.532499999999999,73.475,100.0
Daman & Diu,2014-15,1.8,0.29,1.11,3.14,3.07,3.11,34.45,29.73,32.27,44.38,36.05,40.48,83.93,87.37,85.47,80.28,88.11,83.72,68.69,83.61,74.85,28.45,55.97,37.48,21.67,100.0,92.31,100.0,66.21,100.0,100.0,100.0,100.0,100.0,100.0,100.0,100.0,100.0,100.0,100.0,100.0,100.0,100.0,100.0,100.0,100.0,100.0,100.0,100.0,19.2425,70.38,98.462
Delhi,2013-14,3.4,2.83,3.05,3.13,2.37,2.78,10.8,6.64,8.9,20.28,11.45,16.25,108.78,112.95,110.67,117.76,129.5,122.91,102.02,102.86,102.4,98.88,102.3,100.42,80.55,55.26,0.0,0.0,81.56,100.0,100.0,0.0,100.0,100.0,100.0,100.0,0.0,100.0,100.0,100.0,100.0,0.0,0.0,100.0,100.0,100.0,0.0,0.0,100.0,7.745,109.10000000000001,80.0
Delhi,2014-15,3.4,2.83,3.05,0.95,0.55,0.76,13.55,9.8,11.81,20.91,13.15,17.32,109.38,114.61,111.75,118.08,134.62,125.24,101.57,106.03,103.56,89.51,94.23,91.63,79.65,42.11,0.0,0.0,81.0,100.0,100.0,0.0,100.0,100.0,100.0,100.0,0.0,100.0,100.0,100.0,100.0,0.0,100.0,100.0,100.0,100.0,0.0,100.0,100.0,8.235,108.045,80.0
Goa,2013-14,0.08,0.33,0.2,3.49,3.855,3.8,11.68,7.19,9.58,18.21,8.38,13.36,104.97,105.32,105.14,106.29,105.16,105.76,110.77,102.14,106.66,68.32,72.36,70.24,12.02,83.33,0.0,81.58,40.63,98.83,100.0,0.0,100.0,98.17,99.61,100.0,0.0,100.0,98.61,82.78,88.89,0.0,0.0,87.07,97.75,100.0,0.0,0.0,98.31,6.734999999999999,96.95,76.432
Goa,2014-15,0.63,0.84,0.73,3.49,0.21,0.07,14.15,7.68,11.15,18.27,9.39,13.91,103.03,105.01,103.97,99.23,101.26,100.19,118.56,108.13,113.63,73.68,82.57,77.88,13.62,83.33,0.0,92.94,43.51,98.69,100.0,0.0,100.0,98.72,99.6,100.0,0.0,100.0,99.23,86.83,100.0,0.0,98.75,90.85,99.09,100.0,0.0,100.0,99.42,6.465,98.91749999999999,77.64399999999999
Gujarat,2013-14,0.5,1.06,0.76,3.52,8.04,5.55,22.85,19.81,21.61,9.06,6.18,7.83,100.32,102.06,101.13,91.82,89.72,90.86,81.8,65.93,74.5,53.06,43.25,48.51,24.74,75.23,65.19,56.36,72.08,99.33,99.85,99.44,99.7,99.72,99.97,99.85,99.92,99.85,99.97,95.57,99.32,0.0,0.0,97.77,99.5,99.83,0.0,0.0,99.78,8.9375,78.75,92.48599999999999
Gujarat,2014-15,0.82,0.98,0.89,4.65,8.54,6.41,26.29,23.24,25.04,8.4,5.26,7.04,97.57,100.07,98.72,93.63,93.47,93.56,80.82,66.67,74.34,47.44,42.02,44.93,28.28,79.08,76.47,73.54,75.22,99.27,100.0,99.64,99.73,99.72,99.74,100.0,99.72,99.87,99.88,97.09,99.85,98.71,99.29,98.63,99.66,99.86,99.27,99.45,99.79,9.844999999999999,77.8875,94.898
Haryana,2013-14,0.22,0.63,0.41,1.97,3.25,2.55,11.92,13.27,12.51,1.41,3.16,2.18,96.62,100.57,98.39,91.24,98.01,94.17,88.83,82.92,86.21,72.84,65.43,69.55,7.43,27.69,0.0,0.0,44.12,98.87,96.0,0.0,0.0,98.89,99.8,99.76,0.0,0.0,99.87,95.73,90.71,0.0,0.0,96.53,97.58,94.54,0.0,0.0,98.1,4.4125,87.08,78.678
Haryana,2014-15,5.54,5.69,5.61,5.5,6.18,5.81,16.35,15.3,15.89,6.24,5.12,5.75,95.92,99.61,97.57,91.96,101.5,96.03,85.66,82.47,84.25,67.76,63.29,65.78,7.47,28.75,0.0,100.0,46.04,98.61,95.7,0.0,100.0,98.74,99.63,99.5,0.0,100.0,99.75,94.26,89.15,0.0,100.0,95.67,97.4,94.43,0.0,100.0,98.05,8.265,85.9075,78.44200000000001
Himachal Pradesh,2013-14,0.57,0.34,0.46,0.6,0.98,0.78,9.32,8.83,9.09,8.44,5.54,7.07,99.8,101.27,100.49,101.57,102.04,101.79,122.77,117.53,120.31,96.15,96.11,96.13,3.75,14.38,100.0,33.33,22.49,94.76,88.25,100.0,100.0,94.9,98.95,98.24,100.0,100.0,99.06,93.43,92.27,0.0,0.0,94.48,97.01,94.88,0.0,0.0,97.32,4.35,104.68,97.15200000000002
Himachal Pradesh,2014-15,0.46,0.83,0.64,0.5,1.27,0.87,6.31,5.8,6.07,9.02,5.57,7.41,98.52,100.44,99.43,102.25,104.04,103.09,119.04,112.29,115.87,101.69,99.31,100.58,4.3,15.85,0.0,50.0,23.85,93.99,85.79,100.0,100.0,94.22,98.95,98.05,100.0,100.0,99.08,95.01,92.12,100.0,100.0,95.63,97.64,93.96,100.0,100.0,97.67,3.7475,104.74249999999999,77.32000000000001
Jharkhand,2013-14,6.89,5.91,6.41,7.19,7.65,7.42,22.99,23.32,23.15,8.29,5.85,7.64,109.57,110.92,110.23,91.7,99.09,95.25,68.67,71.79,70.14,43.91,44.02,43.96,3.1,24.39,19.67,24.58,8.94,7.99,29.27,53.39,75.42,16.35,88.72,95.12,96.69,96.61,91.35,83.93,89.74,0.0,0.0,85.67,85.27,92.5,0.0,0.0,87.68,11.155,79.895,60.144000000000005
Jharkhand,2014-15,5.91,5.03,5.48,9.01,8.96,8.99,23.45,24.56,24.0,2.72,4.18,3.41,107.77,109.08,108.4,95.81,104.5,99.97,69.35,74.64,71.86,48.37,49.06,48.69,3.25,40.0,27.34,34.38,9.71,8.48,52.63,58.01,76.95,17.98,89.37,95.79,96.37,96.48,91.93,83.76,92.5,82.95,87.32,86.15,84.41,91.95,88.24,88.24,87.32,10.469999999999999,82.23,62.144000000000005
Karnataka,2013-14,2.42,2.21,2.32,2.31,2.73,2.51,28.49,26.57,27.57,8.29,5.85,7.64,101.18,100.73,100.96,91.72,91.91,91.81,76.9,78.15,77.49,16.89,20.03,18.39,9.94,56.96,67.04,13.97,35.01,96.37,97.11,94.25,89.53,96.78,99.56,99.74,99.69,94.42,99.54,99.63,100.0,99.46,86.08,99.65,99.95,100.0,99.79,84.62,99.88,10.01,72.1625,92.578
Karnataka,2014-15,2.03,2.01,2.02,3.46,4.27,3.85,27.71,24.52,26.18,5.97,5.85,1.96,101.89,101.84,101.86,92.53,93.89,93.18,81.05,82.63,81.8,30.81,35.32,32.96,13.2,60.24,69.92,31.38,38.74,97.05,98.59,96.6,92.04,97.64,99.75,100.0,99.89,97.87,99.8,99.64,100.0,99.88,90.05,99.48,99.83,100.0,99.96,90.38,99.6,8.5025,77.45,93.28800000000001
Kerala,2013-14,3.4,2.83,3.05,3.49,3.855,3.8,17.3,11.4,14.46,6.95,5.9,6.4,95.68,95.15,95.42,98.35,98.32,98.34,103.83,101.12,102.51,85.96,89.27,87.58,87.96,98.66,0.0,75.68,92.63,93.57,98.66,0.0,94.59,96.08,98.94,99.85,0.0,100.0,99.4,95.08,98.5,0.0,0.0,96.85,95.49,99.09,0.0,0.0,97.39,6.9275,95.96249999999999,77.944
Kerala,2014-15,3.4,2.83,3.05,3.49,0.0,3.8,14.96,9.52,12.32,1.54,5.85,0.47,95.22,95.0,95.11,96.47,97.34,96.89,103.63,102.82,103.24,73.74,80.13,76.87,89.64,98.63,100.0,83.64,93.77,94.85,99.54,100.0,98.18,97.01,99.17,100.0,99.4,100.0,99.56,95.03,98.02,99.38,100.0,97.0,96.17,99.54,100.0,100.0,97.79,4.91,93.0275,98.272
Lakshadweep,2013-14,0.0,2.71,2.5,1.16,2.5,1.86,8.48,7.65,8.03,3.03,2.59,2.82,83.42,77.76,80.59,100.53,94.14,97.09,119.61,135.39,127.61,110.06,80.91,94.66,100.0,100.0,0.0,0.0,100.0,100.0,100.0,0.0,0.0,100.0,100.0,100.0,0.0,0.0,100.0,100.0,100.0,0.0,0.0,100.0,100.0,100.0,0.0,0.0,100.0,3.8025,99.98750000000001,80.0
Lakshadweep,2014-15,1.15,2.71,2.5,2.37,3.18,2.78,8.82,4.96,6.76,3.0,3.21,3.12,78.76,74.21,76.45,96.2,84.74,89.96,117.88,127.89,123.01,91.54,81.15,85.99,100.0,100.0,0.0,0.0,100.0,100.0,100.0,0.0,0.0,100.0,100.0,100.0,0.0,0.0,100.0,100.0,100.0,0.0,0.0,100.0,100.0,100.0,0.0,0.0,100.0,3.79,93.8525,80.0
Madhya Pradesh,2013-14,9.91,10.4,10.14,9.88,13.57,11.7,25.21,27.91,26.47,0.52,2.83,1.55,111.85,111.09,111.49,96.04,105.88,100.67,84.15,82.45,83.35,47.27,41.91,44.76,3.33,13.04,5.88,66.67,13.03,12.89,24.51,47.06,100.0,28.27,95.78,94.61,95.33,100.0,96.13,92.34,89.54,0.0,0.0,92.64,92.84,89.36,0.0,0.0,93.02,12.465,85.0675,63.188
Madhya Pradesh,2014-15,6.48,6.72,6.59,7.78,10.7,9.2,23.71,25.97,24.77,8.29,0.73,7.64,101.94,100.2,101.11,92.69,101.15,96.63,80.99,79.26,80.18,47.75,42.9,45.48,3.53,13.15,9.86,60.0,14.58,11.84,23.42,48.02,80.0,28.29,95.76,94.89,94.8,100.0,96.23,88.41,87.38,78.4,88.89,89.68,88.54,87.02,76.63,90.0,89.59,12.05,80.85000000000001,62.73
Maharashtra,2013-14,0.51,0.59,0.55,3.49,1.5,0.61,15.04,13.78,14.47,2.85,3.89,3.34,99.93,99.68,99.81,96.93,96.76,96.69,87.5,83.39,85.58,58.87,58.66,58.77,28.6,38.75,82.24,49.47,52.79,89.44,88.75,91.44,96.31,92.75,98.94,100.0,99.9,99.82,99.31,97.87,92.96,0.0,0.0,98.3,97.86,95.89,0.0,0.0,98.46,4.7425,85.21249999999999,94.212
Maharashtra,2014-15,1.26,1.25,1.26,0.89,2.83,1.79,13.11,12.58,12.87,2.02,1.6,1.83,99.0,98.88,98.95,97.94,99.85,98.82,91.08,87.27,89.31,62.85,61.46,62.2,32.52,47.75,88.43,73.75,57.07,90.75,85.59,94.03,97.58,93.93,99.42,100.0,99.95,99.95,99.64,98.83,95.0,99.04,98.98,99.15,98.9,98.04,99.35,99.28,99.29,4.4375,87.32,96.088
Manipur,2013-14,17.27,18.74,18.0,7.48,6.54,7.02,12.35,15.28,13.81,3.3,3.08,3.2,145.68,152.81,149.15,111.62,115.08,113.31,84.81,83.78,84.3,65.46,58.91,62.18,2.13,15.87,15.91,73.58,25.57,9.53,42.86,45.45,100.0,30.97,84.35,96.83,75.0,100.0,89.09,93.63,100.0,0.0,0.0,95.3,97.26,98.41,0.0,0.0,98.17,10.5075,102.23500000000001,65.888
Manipur,2014-15,9.5,9.83,9.66,3.61,4.8,4.2,12.94,15.86,14.38,8.29,5.85,7.64,132.47,136.38,134.37,115.39,122.33,118.77,91.43,89.78,90.62,68.35,62.45,65.39,1.82,24.59,14.63,79.63,25.23,9.73,44.26,46.34,100.0,30.66,83.07,96.72,73.17,100.0,88.58,91.68,100.0,100.0,100.0,94.93,92.69,100.0,97.56,100.0,95.51,8.97,102.2875,64.862
Meghalaya,2013-14,11.3,9.39,10.34,6.34,7.28,6.84,25.63,23.99,24.75,8.29,5.85,7.64,132.89,137.89,135.35,102.24,119.99,110.97,67.09,78.61,72.8,19.56,26.41,22.94,2.97,15.63,16.78,20.0,8.98,13.83,35.25,59.71,86.67,24.49,61.04,57.55,72.39,80.0,61.76,53.74,49.55,0.0,0.0,53.71,50.84,46.72,0.0,0.0,50.95,12.3925,85.515,41.538
Meghalaya,2014-15,10.35,8.56,9.46,6.77,6.3,6.52,20.8,20.27,20.52,8.29,5.85,7.64,136.19,140.69,138.4,113.28,131.11,122.03,75.12,87.1,81.05,31.95,40.21,36.03,3.23,18.12,24.78,43.3,10.64,14.86,38.78,62.34,87.63,26.72,62.59,61.13,71.75,83.51,63.74,63.75,63.53,62.83,73.33,64.48,62.63,65.16,60.65,71.13,63.92,11.035,94.3775,48.72800000000001
Mizoram,2013-14,12.57,13.38,12.96,6.61,5.39,6.02,20.0,17.37,18.7,8.29,5.85,7.64,127.88,123.89,125.96,119.38,118.03,118.72,105.92,107.34,106.62,57.97,61.85,59.88,9.21,56.86,9.97,9.73,27.76,61.97,79.26,85.22,93.81,73.79,94.33,94.45,89.35,91.15,93.39,68.62,75.39,0.0,0.0,73.27,99.47,99.81,0.0,0.0,99.62,11.33,102.795,70.00800000000001
Mizoram,2014-15,10.17,10.03,10.1,5.46,4.06,4.78,23.02,20.73,21.88,9.0,4.85,6.91,124.8,120.44,122.66,127.63,125.97,126.83,107.22,109.12,108.15,61.94,62.28,62.11,8.31,51.83,44.75,27.27,31.9,64.07,78.41,87.38,94.7,74.56,90.79,93.4,93.44,95.45,92.23,97.29,99.19,99.34,100.0,97.34,99.94,99.91,99.67,100.0,99.82,10.9175,104.9375,81.74
Nagaland,2013-14,19.09,19.74,19.41,18.08,17.63,17.86,34.14,36.08,35.11,15.36,12.96,14.19,116.66,121.05,118.78,99.06,106.65,102.68,66.33,70.3,68.24,33.65,32.28,32.98,4.98,59.09,30.88,25.0,34.96,18.38,39.02,50.0,95.83,39.06,69.27,59.47,69.12,91.67,72.33,86.38,82.77,0.0,0.0,87.88,97.07,93.18,0.0,0.0,97.08,21.6425,80.67,65.446
Nagaland,2014-15,6.18,5.02,5.61,7.87,7.97,7.92,17.98,18.47,18.23,10.36,3.19,6.97,99.32,101.91,100.57,94.3,101.38,97.67,62.33,66.91,64.53,34.13,33.08,33.61,4.97,68.83,41.67,34.78,35.68,18.07,49.35,33.33,100.0,40.94,72.27,64.29,66.67,95.65,78.18,92.72,83.12,91.67,100.0,94.66,99.02,98.7,91.67,100.0,99.37,9.682500000000001,74.095,70.96400000000001
Punjab,2013-14,1.35,1.21,1.29,2.52,3.27,2.85,8.93,8.71,8.83,7.87,3.2,5.81,104.33,107.2,105.61,94.04,97.03,95.34,87.67,84.74,86.39,72.12,71.37,71.79,10.64,93.48,100.0,53.42,51.97,99.93,100.0,100.0,98.63,99.86,99.78,99.58,100.0,98.63,99.77,96.02,96.22,0.0,0.0,97.04,96.51,98.23,0.0,0.0,97.81,4.695,89.7825,98.896
Punjab,2014-15,2.89,3.25,3.05,2.95,3.55,3.22,9.22,8.39,8.86,7.52,3.67,5.83,103.4,107.26,105.11,94.56,99.69,96.77,85.72,85.42,85.59,68.61,70.38,69.39,10.29,95.36,80.0,73.53,52.48,99.86,99.69,100.0,100.0,99.88,99.95,100.0,100.0,100.0,99.97,96.3,96.99,100.0,94.67,97.35,98.76,98.82,100.0,98.02,99.08,5.24,89.215,95.256
Rajasthan,2013-14,7.76,9.12,8.39,4.49,7.95,6.03,17.85,20.06,18.77,8.29,5.85,7.64,102.35,100.6,101.53,86.83,81.94,84.58,85.33,71.02,78.68,60.47,44.51,53.03,4.51,72.31,68.0,66.67,23.47,22.56,88.43,92.0,100.0,52.06,93.58,99.59,100.0,100.0,96.31,93.99,87.88,0.0,0.0,96.03,96.07,99.15,0.0,0.0,97.87,10.2075,79.45500000000001,82.054
Rajasthan,2014-15,5.02,5.02,5.02,2.54,3.73,3.07,13.54,13.4,13.48,8.29,5.85,7.64,99.82,97.31,98.64,87.43,83.85,85.79,82.67,68.62,76.16,63.85,48.02,56.46,5.29,81.57,64.0,75.0,28.6,19.05,96.77,92.0,100.0,55.28,94.43,99.54,100.0,100.0,97.08,94.68,92.68,100.0,100.0,96.91,95.58,99.06,95.83,100.0,98.03,7.3025,79.2625,82.25999999999999
Sikkim,2013-14,5.55,3.49,4.57,6.35,3.98,5.14,13.74,12.14,12.89,14.11,11.92,12.91,128.15,120.58,124.42,132.96,114.98,138.84,90.21,106.65,98.37,54.81,70.6,62.62,29.92,50.0,0.0,0.0,53.33,56.69,100.0,0.0,0.0,69.3,96.04,100.0,0.0,0.0,97.18,96.72,100.0,0.0,0.0,97.01,98.78,100.0,0.0,0.0,99.25,8.877500000000001,106.0625,72.548
Sikkim,2014-15,3.75,0.62,2.27,2.07,1.08,1.57,17.58,14.39,15.89,12.48,11.17,11.76,116.95,108.05,112.57,133.96,147.67,140.66,104.11,118.51,111.26,60.61,76.66,68.55,35.94,50.0,0.0,0.0,58.56,59.16,100.0,0.0,0.0,70.72,96.22,100.0,0.0,0.0,97.17,97.9,100.0,0.0,0.0,98.19,98.27,100.0,0.0,0.0,98.91,7.8725000000000005,108.26,72.998
Tamil Nadu,2013-14,0.53,0.39,0.46,4.38,4.67,4.52,16.13,7.99,12.2,4.55,4.35,4.44,102.4,102.72,102.56,97.16,99.46,98.27,91.81,93.25,92.5,67.96,84.46,75.87,35.51,78.13,50.0,81.82,54.14,97.21,96.88,100.0,100.0,97.69,100.0,100.0,100.0,100.0,100.0,88.14,92.42,100.0,100.0,90.93,95.53,96.75,100.0,100.0,96.91,5.405,92.3,87.106
Tamil Nadu,2014-15,0.53,0.39,0.46,3.49,3.855,3.8,11.67,4.36,8.1,4.59,2.34,3.41,102.79,103.45,103.11,93.37,95.9,94.58,90.22,93.72,91.89,69.97,85.73,77.52,39.86,75.65,66.67,100.0,57.28,97.77,97.39,100.0,100.0,98.51,99.86,99.13,100.0,100.0,99.81,98.99,98.11,100.0,100.0,99.29,99.57,100.0,100.0,100.0,99.71,3.9425,91.77499999999999,92.798
Telangana,2014-15,2.21,1.94,2.08,2.43,2.17,2.3,16.54,14.5,15.53,2.06,5.85,0.77,103.55,103.59,103.57,89.94,91.9,90.89,79.67,85.03,82.25,55.64,61.31,58.33,18.17,75.0,76.47,48.03,37.9,87.24,100.0,100.0,93.6,91.05,90.2,100.0,94.12,97.76,93.6,68.44,87.5,82.35,81.66,73.39,89.82,100.0,100.0,81.62,92.1,5.17,83.75999999999999,85.322
Tripura,2013-14,3.63,3.52,3.58,3.21,2.2,2.72,24.51,25.7,25.09,9.15,9.06,9.11,112.7,113.95,113.31,113.2,114.9,114.03,117.14,116.87,117.01,44.79,36.85,40.99,3.59,50.0,0.0,0.0,11.4,13.03,50.0,0.0,0.0,24.94,83.0,50.0,0.0,0.0,84.48,92.31,50.0,0.0,0.0,91.15,87.79,50.0,0.0,0.0,89.13,10.125,96.33500000000001,57.94
Tripura,2014-15,1.37,1.19,1.28,2.37,1.61,1.99,28.03,28.83,28.42,8.97,8.89,8.93,109.5,110.49,109.98,118.8,122.38,120.54,119.81,121.36,120.57,46.48,40.05,43.4,4.36,100.0,0.0,0.0,15.11,13.62,100.0,0.0,0.0,28.58,84.74,100.0,0.0,0.0,88.98,99.14,100.0,0.0,0.0,99.44,99.77,100.0,0.0,0.0,99.88,10.155000000000001,98.6225,63.376
Uttar Pradesh,2013-14,7.91,6.21,7.08,3.49,2.43,0.53,7.26,7.35,7.3,8.29,5.85,7.64,93.34,99.88,96.41,67.32,80.11,73.17,66.52,65.79,66.18,62.54,59.91,61.27,5.53,14.75,9.37,37.5,11.12,48.32,49.24,69.88,91.67,52.19,98.83,96.87,97.03,100.0,98.17,97.18,97.31,95.45,0.0,97.25,98.65,98.77,96.36,0.0,98.66,5.6375,74.2575,71.128
Uttar Pradesh,2014-15,9.08,8.04,8.58,0.78,4.61,2.7,9.89,10.6,10.22,1.79,2.45,2.1,91.54,98.93,95.0,68.14,82.28,74.54,67.85,67.73,67.79,65.36,62.01,63.75,6.43,16.64,15.5,20.0,12.72,49.64,50.49,70.39,90.0,53.59,98.85,97.36,97.35,100.0,98.57,98.36,98.39,98.49,100.0,98.5,98.59,98.6,98.69,100.0,98.72,5.9,75.27000000000001,72.976
West Bengal,2013-14,3.44,2.37,2.91,5.63,3.1,4.31,16.73,19.77,18.34,8.03,7.76,7.9,103.16,104.88,104.0,92.84,106.87,99.64,68.62,81.34,74.82,47.38,48.96,48.13,3.94,7.93,0.0,54.55,10.77,36.48,31.77,100.0,90.91,42.76,97.81,95.07,100.0,100.0,97.75,80.34,78.71,0.0,0.0,81.42,80.02,83.5,0.0,0.0,82.08,8.365,81.6475,60.802
West Bengal,2014-15,2.13,0.79,1.47,5.84,2.88,4.3,16.33,19.06,17.8,8.18,8.04,8.11,101.78,102.91,102.33,96.16,110.67,103.17,70.67,86.05,78.17,48.27,51.82,49.95,4.55,9.32,0.0,66.67,12.13,52.52,45.63,0.0,91.67,56.96,98.0,95.49,0.0,91.67,97.93,89.45,87.89,0.0,100.0,89.93,91.69,91.98,0.0,100.0,92.42,7.92,83.405,67.44800000000001
All India,2013-14,4.53,4.14,4.34,3.09,4.49,3.77,17.93,17.79,17.86,1.48,1.61,1.54,100.2,102.65,101.36,86.31,92.75,89.33,76.8,76.47,76.64,52.77,51.58,52.21,9.25,18.22,44.8,26.65,24.08,46.38,45.97,75.08,91.01,56.78,94.09,93.9,96.52,97.14,95.4,84.01,88.14,97.97,74.36,86.56,88.68,91.39,99.06,76.14,91.23,6.8774999999999995,79.88499999999999,74.95400000000001
All India,2014-15,4.36,3.88,4.13,3.49,4.6,4.03,17.21,16.88,17.06,0.25,5.85,7.64,98.85,101.43,100.08,87.71,95.29,91.24,78.13,78.94,78.51,54.57,53.81,54.21,10.32,19.4,51.27,47.96,26.42,49.63,48.33,77.55,92.67,60.01,94.88,94.82,96.32,98.23,96.12,85.66,88.12,89.1,88.97,88.62,91.21,91.39,90.26,90.94,93.08,8.215,81.00999999999999,77.82
